{
  "Albania": {
    "message": "Albanien"
  },
  "Algeria": {
    "message": "Algeriet"
  },
  "Americas": {
    "message": "Nord- og Sydamerika"
  },
  "Andorra": {
    "message": "Andorra"
  },
  "Argentina": {
    "message": "Argentina"
  },
  "Armenia": {
    "message": "Armenien"
  },
  "Asia Pacific": {
    "message": "Asien og Oceanien"
  },
  "Australia": {
    "message": "Australien"
  },
  "Australia - Brisbane": {
    "message": "Australien - Brisbane"
  },
  "Australia - Melbourne": {
    "message": "Australien - Melbourne"
  },
  "Australia - Perth": {
    "message": "Australien - Perth"
  },
  "Australia - Sydney": {
    "message": "Australien - Sydney"
  },
  "Australia - Sydney - 2": {
    "message": "Australien - Sydney - 2"
  },
  "Australia - Sydney - 3": {
    "message": "Australien - Sydney - 3"
  },
  "Austria": {
    "message": "Østrig"
  },
  "Azerbaijan": {
    "message": "Aserbajdsjan"
  },
  "Bahamas": {
    "message": "Bahamas"
  },
  "Bangladesh": {
    "message": "Bangladesh"
  },
  "Belarus": {
    "message": "Hviderusland"
  },
  "Belgium": {
    "message": "Belgien"
  },
  "Bhutan": {
    "message": "Bhutan"
  },
  "Bosnia and Herzegovina": {
    "message": "Bosnien-Hercegovina"
  },
  "Brazil": {
    "message": "Brasilien"
  },
  "Brazil - 2": {
    "message": "Brasilien - 2"
  },
  "Brunei": {
    "message": "Brunei"
  },
  "Brunei Darussalam": {
    "message": "Brunei Darussalam"
  },
  "Bulgaria": {
    "message": "Bulgarien"
  },
  "Cambodia": {
    "message": "Cambodja"
  },
  "Canada": {
    "message": "Canada"
  },
  "Canada - Montreal": {
    "message": "Canada - Montreal"
  },
  "Canada - Montreal - 2": {
    "message": "Canada - Montreal - 2"
  },
  "Canada - Toronto": {
    "message": "Canada - Toronto"
  },
  "Canada - Toronto - 2": {
    "message": "Canada - Toronto - 2"
  },
  "Canada - Vancouver": {
    "message": "Canada - Vancouver"
  },
  "Chile": {
    "message": "Chile"
  },
  "Colombia": {
    "message": "Colombia"
  },
  "Costa Rica": {
    "message": "Costa Rica"
  },
  "Croatia": {
    "message": "Kroatien"
  },
  "Cyprus": {
    "message": "Cypern"
  },
  "Czech Republic": {
    "message": "Tjekkiet"
  },
  "Denmark": {
    "message": "Danmark"
  },
  "Ecuador": {
    "message": "Ecuador"
  },
  "Egypt": {
    "message": "Egypten"
  },
  "Estonia": {
    "message": "Estland"
  },
  "Europe": {
    "message": "Europa"
  },
  "Finland": {
    "message": "Finland"
  },
  "France": {
    "message": "Frankrig"
  },
  "France - Paris - 1": {
    "message": "Frankrig - Paris - 1"
  },
  "France - Paris - 2": {
    "message": "Frankrig - Paris - 2"
  },
  "France - Strasbourg": {
    "message": "Frankrig - Strasbourg"
  },
  "Georgia": {
    "message": "Georgien"
  },
  "Germany": {
    "message": "Tyskland"
  },
  "Germany - Frankfurt - 1": {
    "message": "Tyskland - Frankfurt - 1"
  },
  "Germany - Frankfurt - 2": {
    "message": "Tyskland - Frankfurt - 2"
  },
  "Germany - Frankfurt - 3": {
    "message": "Tyskland - Frankfurt - 3"
  },
  "Germany - Nuremberg": {
    "message": "Tyskland - Nürnberg"
  },
  "Greece": {
    "message": "Grækenland"
  },
  "Guatemala": {
    "message": "Guatemala"
  },
  "Hong Kong": {
    "message": "Hongkong"
  },
  "Hong Kong - 1": {
    "message": "Hongkong - 1"
  },
  "Hong Kong - 2": {
    "message": "Hongkong - 2"
  },
  "Hong Kong - 3": {
    "message": "Hongkong - 3"
  },
  "Hong Kong - 4": {
    "message": "Hongkong - 4"
  },
  "Hungary": {
    "message": "Ungarn"
  },
  "Iceland": {
    "message": "Island"
  },
  "India": {
    "message": "Indien"
  },
  "India (via UK)": {
    "message": "Indien (via Storbritannien)"
  },
  "India - Chennai": {
    "message": "Indien - Chennai"
  },
  "India - Mumbai - 1": {
    "message": "Indien - Mumbai - 1"
  },
  "Indonesia": {
    "message": "Indonesien"
  },
  "Ireland": {
    "message": "Irland"
  },
  "Isle of Man": {
    "message": "Isle of Man"
  },
  "Israel": {
    "message": "Israel"
  },
  "Italy": {
    "message": "Italien"
  },
  "Italy - Cosenza": {
    "message": "Italien - Cosenza"
  },
  "Italy - Milan": {
    "message": "Italien - Milano"
  },
  "Japan": {
    "message": "Japan"
  },
  "Japan - Tokyo": {
    "message": "Japan - Tokyo",
    "description": "Japan - Tokyo"
  },
  "Japan - Tokyo - 1": {
    "message": "Japan - Tokyo - 1"
  },
  "Japan - Tokyo - 2": {
    "message": "Japan - Tokyo - 2"
  },
  "Japan - Tokyo - 3": {
    "message": "Japan - Tokyo - 3"
  },
  "Japan - Yokohama": {
    "message": "Japan - Yokohama",
    "description": "Japan - Yokohama"
  },
  "Jersey": {
    "message": "Jersey"
  },
  "Kazakhstan": {
    "message": "Kasakhstan"
  },
  "Kenya": {
    "message": "Kenya"
  },
  "Kyrgyzstan": {
    "message": "Kirgisistan"
  },
  "Laos": {
    "message": "Laos"
  },
  "Latvia": {
    "message": "Letland"
  },
  "Liechtenstein": {
    "message": "Liechtenstein"
  },
  "Lithuania": {
    "message": "Litauen"
  },
  "Luxembourg": {
    "message": "Luxembourg"
  },
  "Macau": {
    "message": "Macao"
  },
  "Malaysia": {
    "message": "Malaysia"
  },
  "Malta": {
    "message": "Malta"
  },
  "Mexico": {
    "message": "Mexico"
  },
  "Middle East and Africa": {
    "message": "Mellemøsten og Afrika"
  },
  "Moldova": {
    "message": "Moldova"
  },
  "Monaco": {
    "message": "Monaco"
  },
  "Mongolia": {
    "message": "Mongoliet"
  },
  "Montenegro": {
    "message": "Montenegro"
  },
  "Myanmar": {
    "message": "Myanmar"
  },
  "Nepal": {
    "message": "Nepal"
  },
  "Netherlands": {
    "message": "Holland"
  },
  "Netherlands - Amsterdam": {
    "message": "Holland - Amsterdam"
  },
  "Netherlands - Amsterdam - 2": {
    "message": "Holland - Amsterdam - 2"
  },
  "Netherlands - Rotterdam": {
    "message": "Holland - Rotterdam"
  },
  "Netherlands - The Hague": {
    "message": "Holland - Haag"
  },
  "New Zealand": {
    "message": "New Zealand"
  },
  "North Macedonia": {
    "message": "Nordmakedonien"
  },
  "Norway": {
    "message": "Norge"
  },
  "Pakistan": {
    "message": "Pakistan"
  },
  "Panama": {
    "message": "Panama"
  },
  "Peru": {
    "message": "Peru"
  },
  "Philippines": {
    "message": "Filippinerne"
  },
  "Philippines (via Singapore)": {
    "message": "Filippinerne (via Singapore)"
  },
  "Poland": {
    "message": "Polen"
  },
  "Portugal": {
    "message": "Portugal"
  },
  "Romania": {
    "message": "Rumænien"
  },
  "Serbia": {
    "message": "Serbien"
  },
  "Singapore": {
    "message": "Singapore"
  },
  "Singapore - CBD": {
    "message": "Singapore - CBD"
  },
  "Singapore - Jurong": {
    "message": "Singapore - Jurong"
  },
  "Singapore - Marina Bay": {
    "message": "Singapore - Marina Bay"
  },
  "Singapore - Sentosa": {
    "message": "Singapore - Sentosa",
    "description": "Singapore - Sentosa"
  },
  "Slovakia": {
    "message": "Slovakiet"
  },
  "Slovenia": {
    "message": "Slovenien"
  },
  "South Africa": {
    "message": "Sydafrika"
  },
  "South Korea": {
    "message": "Sydkorea"
  },
  "South Korea - 2": {
    "message": "Sydkorea - 2"
  },
  "Spain": {
    "message": "Spanien"
  },
  "Spain - Barcelona": {
    "message": "Spanien - Barcelona"
  },
  "Spain - Barcelona - 2": {
    "message": "Spanien - Barcelona - 2"
  },
  "Spain - Madrid": {
    "message": "Spanien - Madrid"
  },
  "Sri Lanka": {
    "message": "Sri Lanka"
  },
  "Sweden": {
    "message": "Sverige"
  },
  "Sweden - 2": {
    "message": "Sverige - 2"
  },
  "Switzerland": {
    "message": "Schweiz"
  },
  "Switzerland - 2": {
    "message": "Schweiz - 2"
  },
  "Taiwan": {
    "message": "Taiwan"
  },
  "Taiwan - 3": {
    "message": "Taiwan - 3"
  },
  "Thailand": {
    "message": "Thailand"
  },
  "Turkey": {
    "message": "Tyrkiet"
  },
  "UK - Docklands": {
    "message": "Storbritannien - Docklands"
  },
  "UK - East London": {
    "message": "Storbritannien - Østlondon"
  },
  "UK - Kent": {
    "message": "Storbritannien - Kent"
  },
  "UK - London": {
    "message": "Storbritannien - London"
  },
  "UK - Wembley": {
    "message": "Storbritannien - Wembley"
  },
  "Ukraine": {
    "message": "Ukraine"
  },
  "United Kingdom": {
    "message": "Storbritannien"
  },
  "United States": {
    "message": "USA"
  },
  "Uruguay": {
    "message": "Uruguay"
  },
  "USA - Atlanta": {
    "message": "USA - Atlanta"
  },
  "USA - Chicago": {
    "message": "USA - Chicago"
  },
  "USA - Dallas": {
    "message": "USA - Dallas"
  },
  "USA - Dallas - 2": {
    "message": "USA - Dallas - 2"
  },
  "USA - Denver": {
    "message": "USA - Denver"
  },
  "USA - Hollywood": {
    "message": "USA - Hollywood"
  },
  "USA - Los Angeles": {
    "message": "USA - Los Angeles"
  },
  "USA - Los Angeles - 1": {
    "message": "USA - Los Angeles - 1"
  },
  "USA - Los Angeles - 2": {
    "message": "USA - Los Angeles - 2"
  },
  "USA - Los Angeles - 3": {
    "message": "USA - Los Angeles - 3"
  },
  "USA - Los Angeles - 4": {
    "message": "USA - Los Angeles - 4"
  },
  "USA - Los Angeles - 5": {
    "message": "USA - Los Angeles - 5"
  },
  "USA - Miami": {
    "message": "USA - Miami"
  },
  "USA - Miami - 2": {
    "message": "USA - Miami - 2"
  },
  "USA - New Jersey - 1": {
    "message": "USA - New Jersey - 1"
  },
  "USA - New Jersey - 2": {
    "message": "USA - New Jersey - 2"
  },
  "USA - New Jersey - 3": {
    "message": "USA - New Jersey - 3"
  },
  "USA - New York": {
    "message": "USA - New York"
  },
  "USA - New York - 2": {
    "message": "USA - New York - 2"
  },
  "USA - Salt Lake City": {
    "message": "USA - Salt Lake City"
  },
  "USA - San Francisco": {
    "message": "USA - San Francisco"
  },
  "USA - San Jose": {
    "message": "USA - San Jose"
  },
  "USA - Santa Monica": {
    "message": "USA - Santa Monica"
  },
  "USA - Seattle": {
    "message": "USA - Seattle"
  },
  "USA - Tampa - 1": {
    "message": "USA - Tampa - 1"
  },
  "USA - Washington DC": {
    "message": "USA - Washington DC"
  },
  "USA - Washington DC - 2": {
    "message": "USA - Washington DC - 2"
  },
  "Uzbekistan": {
    "message": "Usbekistan"
  },
  "Venezuela": {
    "message": "Venezuela"
  },
  "Vietnam": {
    "message": "Vietnam"
  }
}